,judul,waktu,category,isi,deskripsi_tokens,deskripsi_tokens_fdist,deskripsi_tokens_WSW,deskripsi_normalized,deskripsi_tokens_stemmed
0,Wapres Ungkap Data Amerika Soal Ketahanan Pangan Indonesia,"Selasa, 22 Maret 2022 - 17:14 WIB",Sektor Riil,wakil presiden maruf amin mengungkapkan berdasarkan data amerika serikat kemampuan bertahan cadangan pangan indonesia pada tahun hanya sekitar hari,"['wakil', 'presiden', 'maruf', 'amin', 'mengungkapkan', 'berdasarkan', 'data', 'amerika', 'serikat', 'kemampuan', 'bertahan', 'cadangan', 'pangan', 'indonesia', 'pada', 'tahun', 'hanya', 'sekitar', 'hari']",<FreqDist with 19 samples and 19 outcomes>,"['wakil', 'presiden', 'maruf', 'amin', 'berdasarkan', 'data', 'amerika', 'serikat', 'kemampuan', 'bertahan', 'cadangan', 'pangan', 'indonesia']","['wakil', 'presiden', 'maruf', 'amin', 'berdasarkan', 'data', 'amerika', 'serikat', 'kemampuan', 'bertahan', 'cadangan', 'pangan', 'indonesia']","['wakil', 'presiden', 'maruf', 'amin', 'dasar', 'data', 'amerika', 'serikat', 'mampu', 'tahan', 'cadang', 'pangan', 'indonesia']"
1,"Lebih Murah, YLKI Khawatir Konsumen Bakal Migrasi ke Minyak Goreng Curah","Selasa, 22 Maret 2022 - 16:48 WIB",Sektor Riil,ketua yayasan lembaga konsumen indonesia ylki tulus abadi menilai disparitas selisih harga antara minyak goreng curah dan kemasan terlalu lebar,"['ketua', 'yayasan', 'lembaga', 'konsumen', 'indonesia', 'ylki', 'tulus', 'abadi', 'menilai', 'disparitas', 'selisih', 'harga', 'antara', 'minyak', 'goreng', 'curah', 'dan', 'kemasan', 'terlalu', 'lebar']",<FreqDist with 20 samples and 20 outcomes>,"['ketua', 'yayasan', 'lembaga', 'konsumen', 'indonesia', 'ylki', 'tulus', 'abadi', 'menilai', 'disparitas', 'selisih', 'harga', 'minyak', 'goreng', 'curah', 'kemasan', 'lebar']","['ketua', 'yayasan', 'lembaga', 'konsumen', 'indonesia', 'ylki', 'tulus', 'abadi', 'menilai', 'disparitas', 'selisih', 'harga', 'minyak', 'goreng', 'curah', 'kemasan', 'lebar']","['ketua', 'yayasan', 'lembaga', 'konsumen', 'indonesia', 'ylki', 'tulus', 'abadi', 'nilai', 'disparitas', 'selisih', 'harga', 'minyak', 'goreng', 'curah', 'kemas', 'lebar']"
2,Kemenkeu Siapkan 186 Pasal yang Mengatur Pendanaan Ibu Kota Baru,"Selasa, 22 Maret 2022 - 16:24 WIB",Makro,kementerian keuangan tengah menyiapkan pasal dalam aturan turunan rancangan peraturan pelaksanaan rpp undangundang no tahun tentang ikn,"['kementerian', 'keuangan', 'tengah', 'menyiapkan', 'pasal', 'dalam', 'aturan', 'turunan', 'rancangan', 'peraturan', 'pelaksanaan', 'rpp', 'undangundang', 'no', 'tahun', 'tentang', 'ikn']",<FreqDist with 17 samples and 17 outcomes>,"['kementerian', 'keuangan', 'pasal', 'aturan', 'turunan', 'rancangan', 'peraturan', 'pelaksanaan', 'rpp', 'undangundang', 'no', 'ikn']","['kementerian', 'keuangan', 'pasal', 'aturan', 'turunan', 'rancangan', 'peraturan', 'pelaksanaan', 'rpp', 'undangundang', 'no', 'ikn']","['menteri', 'uang', 'pasal', 'atur', 'turun', 'rancang', 'atur', 'laksana', 'rpp', 'undangundang', 'no', 'ikn']"
3,"Menghijau, IHSG Hari Ini Ditutup Tembus Level 7.000","Selasa, 22 Maret 2022 - 15:37 WIB",Kurs & Saham,indeks harga saham gabungan ihsg hari ini mendarat di zona hijau pada sesi terakhir perdagangan indeks ditutup naik poin atau tembus ke,"['indeks', 'harga', 'saham', 'gabungan', 'ihsg', 'hari', 'ini', 'mendarat', 'di', 'zona', 'hijau', 'pada', 'sesi', 'terakhir', 'perdagangan', 'indeks', 'ditutup', 'naik', 'poin', 'atau', 'tembus', 'ke']",<FreqDist with 21 samples and 22 outcomes>,"['indeks', 'harga', 'saham', 'gabungan', 'ihsg', 'mendarat', 'zona', 'hijau', 'sesi', 'perdagangan', 'indeks', 'ditutup', 'poin', 'tembus']","['indeks', 'harga', 'saham', 'gabungan', 'ihsg', 'mendarat', 'zona', 'hijau', 'sesi', 'perdagangan', 'indeks', 'ditutup', 'poin', 'tembus']","['indeks', 'harga', 'saham', 'gabung', 'ihsg', 'darat', 'zona', 'hijau', 'sesi', 'dagang', 'indeks', 'tutup', 'poin', 'tembus']"
4,"Tumbuh Berlipat dari PDB, Ekonomi Digital Jadi Kekuatan RI ke Depan","Selasa, 22 Maret 2022 - 15:29 WIB",Makro,laju pertumbuhan ekonomi digital indonesia diproyeksi mencapai kali lebih cepat daripada pertumbuhan produk domestik bruto pdb,"['laju', 'pertumbuhan', 'ekonomi', 'digital', 'indonesia', 'diproyeksi', 'mencapai', 'kali', 'lebih', 'cepat', 'daripada', 'pertumbuhan', 'produk', 'domestik', 'bruto', 'pdb']",<FreqDist with 15 samples and 16 outcomes>,"['laju', 'pertumbuhan', 'ekonomi', 'digital', 'indonesia', 'diproyeksi', 'mencapai', 'kali', 'cepat', 'pertumbuhan', 'produk', 'domestik', 'bruto', 'pdb']","['laju', 'pertumbuhan', 'ekonomi', 'digital', 'indonesia', 'diproyeksi', 'mencapai', 'kali', 'cepat', 'pertumbuhan', 'produk', 'domestik', 'bruto', 'pdb']","['laju', 'tumbuh', 'ekonomi', 'digital', 'indonesia', 'proyeksi', 'capai', 'kali', 'cepat', 'tumbuh', 'produk', 'domestik', 'bruto', 'pdb']"
5,"Harga Minyak Goreng di Swalayan Mahal, Pengusaha: Harap Maklum","Selasa, 22 Maret 2022 - 14:39 WIB",Sektor Riil,menyusul dicabutnya aturan harga eceran tertinggi het minyak goreng kemasan kini tersedia melimpah di ritel modern dengan harga yang relatif mahal,"['menyusul', 'dicabutnya', 'aturan', 'harga', 'eceran', 'tertinggi', 'het', 'minyak', 'goreng', 'kemasan', 'kini', 'tersedia', 'melimpah', 'di', 'ritel', 'modern', 'dengan', 'harga', 'yang', 'relatif', 'mahal']",<FreqDist with 20 samples and 21 outcomes>,"['menyusul', 'dicabutnya', 'aturan', 'harga', 'eceran', 'tertinggi', 'het', 'minyak', 'goreng', 'kemasan', 'tersedia', 'melimpah', 'ritel', 'modern', 'harga', 'relatif', 'mahal']","['menyusul', 'dicabutnya', 'aturan', 'harga', 'eceran', 'tertinggi', 'het', 'minyak', 'goreng', 'kemasan', 'tersedia', 'melimpah', 'ritel', 'modern', 'harga', 'relatif', 'mahal']","['susul', 'cabut', 'atur', 'harga', 'ecer', 'tinggi', 'het', 'minyak', 'goreng', 'kemas', 'sedia', 'limpah', 'ritel', 'modern', 'harga', 'relatif', 'mahal']"
6,"Tarif PPN Jadi 11%, Sri Mulyani: Masih di Bawah Rata-rata Dunia 15%","Selasa, 22 Maret 2022 - 14:29 WIB",Makro,menteri keuangan menkeu sri mulyani menyatakan bahwa kenaikan ppn menjadi mulai april masih wajar dan berada di bawah ratarata ppn dunia sebesar,"['menteri', 'keuangan', 'menkeu', 'sri', 'mulyani', 'menyatakan', 'bahwa', 'kenaikan', 'ppn', 'menjadi', 'mulai', 'april', 'masih', 'wajar', 'dan', 'berada', 'di', 'bawah', 'ratarata', 'ppn', 'dunia', 'sebesar']",<FreqDist with 21 samples and 22 outcomes>,"['menteri', 'keuangan', 'menkeu', 'sri', 'mulyani', 'kenaikan', 'ppn', 'april', 'wajar', 'ratarata', 'ppn', 'dunia']","['menteri', 'keuangan', 'menkeu', 'sri', 'mulyani', 'kenaikan', 'ppn', 'april', 'wajar', 'ratarata', 'ppn', 'dunia']","['menteri', 'uang', 'menkeu', 'sri', 'mulyani', 'naik', 'ppn', 'april', 'wajar', 'ratarata', 'ppn', 'dunia']"
7,"Sri Mulyani Kasih Sinyal Harga BBM Pertamax Bisa Naik, Pertalite Masih Aman","Selasa, 22 Maret 2022 - 14:01 WIB",Sektor Riil,menteri keuangan menkeu sri mulyani merespons terkait kabar kenaikan harga bahan bakar minyak bbm jenis pertalite ketika harga minyak mentah dunia terus meroket,"['menteri', 'keuangan', 'menkeu', 'sri', 'mulyani', 'merespons', 'terkait', 'kabar', 'kenaikan', 'harga', 'bahan', 'bakar', 'minyak', 'bbm', 'jenis', 'pertalite', 'ketika', 'harga', 'minyak', 'mentah', 'dunia', 'terus', 'meroket']",<FreqDist with 21 samples and 23 outcomes>,"['menteri', 'keuangan', 'menkeu', 'sri', 'mulyani', 'merespons', 'terkait', 'kabar', 'kenaikan', 'harga', 'bahan', 'bakar', 'minyak', 'bbm', 'jenis', 'pertalite', 'harga', 'minyak', 'mentah', 'dunia', 'meroket']","['menteri', 'keuangan', 'menkeu', 'sri', 'mulyani', 'merespons', 'terkait', 'kabar', 'kenaikan', 'harga', 'bahan', 'bakar', 'minyak', 'bbm', 'jenis', 'pertalite', 'harga', 'minyak', 'mentah', 'dunia', 'meroket']","['menteri', 'uang', 'menkeu', 'sri', 'mulyani', 'respons', 'kait', 'kabar', 'naik', 'harga', 'bahan', 'bakar', 'minyak', 'bbm', 'jenis', 'pertalite', 'harga', 'minyak', 'mentah', 'dunia', 'roket']"
8,"Harga Minyak Terus Melaju, Uni Eropa Bimbang Mau Embargo Minyak Rusia","Selasa, 22 Maret 2022 - 13:51 WIB",Sektor Riil,harga minyak mentah atau crude oil mengalami kenaikan pada perdagangan selasa memperpanjang laju penguatan yang terjadi pada sesi sebelumnya,"['harga', 'minyak', 'mentah', 'atau', 'crude', 'oil', 'mengalami', 'kenaikan', 'pada', 'perdagangan', 'selasa', 'memperpanjang', 'laju', 'penguatan', 'yang', 'terjadi', 'pada', 'sesi', 'sebelumnya']",<FreqDist with 18 samples and 19 outcomes>,"['harga', 'minyak', 'mentah', 'crude', 'oil', 'mengalami', 'kenaikan', 'perdagangan', 'selasa', 'memperpanjang', 'laju', 'penguatan', 'sesi']","['harga', 'minyak', 'mentah', 'crude', 'oil', 'mengalami', 'kenaikan', 'perdagangan', 'selasa', 'memperpanjang', 'laju', 'penguatan', 'sesi']","['harga', 'minyak', 'mentah', 'crude', 'oil', 'alami', 'naik', 'dagang', 'selasa', 'panjang', 'laju', 'kuat', 'sesi']"
9,"Dear UMKM, Ini Bocoran Menko Airlangga Soal Komoditas Cuan Kekinian","Selasa, 22 Maret 2022 - 13:10 WIB",Sektor Riil,menko airlangga mengakui pelaku umkm menjadi critical engine bagi pemulihan ekonomi nasional dimana kontribusinya mencapai ngan menyerap tenaga kerja nasional,"['menko', 'airlangga', 'mengakui', 'pelaku', 'umkm', 'menjadi', 'critical', 'engine', 'bagi', 'pemulihan', 'ekonomi', 'nasional', 'dimana', 'kontribusinya', 'mencapai', 'ngan', 'menyerap', 'tenaga', 'kerja', 'nasional']",<FreqDist with 19 samples and 20 outcomes>,"['menko', 'airlangga', 'mengakui', 'pelaku', 'umkm', 'critical', 'engine', 'pemulihan', 'ekonomi', 'nasional', 'dimana', 'kontribusinya', 'mencapai', 'ngan', 'menyerap', 'tenaga', 'kerja', 'nasional']","['menko', 'airlangga', 'mengakui', 'pelaku', 'umkm', 'critical', 'engine', 'pemulihan', 'ekonomi', 'nasional', 'dimana', 'kontribusinya', 'mencapai', 'ngan', 'menyerap', 'tenaga', 'kerja', 'nasional']","['menko', 'airlangga', 'aku', 'laku', 'umkm', 'critical', 'engine', 'pulih', 'ekonomi', 'nasional', 'mana', 'kontribusi', 'capai', 'ngan', 'serap', 'tenaga', 'kerja', 'nasional']"
10,Pengusaha Ritel Curhat: Distributor Minyak Goreng Masih Ada yang Ngumpet,"Selasa, 22 Maret 2022 - 12:59 WIB",Sektor Riil,asosiasi pengusaha ritel indonesia aprindo membeberkan meskipun sudah free market akan tetapi distributor yang memasok minyak goreng ke ritel modern masih terbatas,"['asosiasi', 'pengusaha', 'ritel', 'indonesia', 'aprindo', 'membeberkan', 'meskipun', 'sudah', 'free', 'market', 'akan', 'tetapi', 'distributor', 'yang', 'memasok', 'minyak', 'goreng', 'ke', 'ritel', 'modern', 'masih', 'terbatas']",<FreqDist with 21 samples and 22 outcomes>,"['asosiasi', 'pengusaha', 'ritel', 'indonesia', 'aprindo', 'membeberkan', 'free', 'market', 'distributor', 'memasok', 'minyak', 'goreng', 'ritel', 'modern', 'terbatas']","['asosiasi', 'pengusaha', 'ritel', 'indonesia', 'aprindo', 'membeberkan', 'free', 'market', 'distributor', 'memasok', 'minyak', 'goreng', 'ritel', 'modern', 'terbatas']","['asosiasi', 'usaha', 'ritel', 'indonesia', 'aprindo', 'beber', 'free', 'market', 'distributor', 'pasok', 'minyak', 'goreng', 'ritel', 'modern', 'batas']"
11,"Sesi I IHSG Hari Ini Ditutup Menguat, Asing Belanja Rp608 Miliar","Selasa, 22 Maret 2022 - 12:57 WIB",Kurs & Saham,indeks harga saham gabungan ihsg hari ini menguat poin atau di level pada penutupan sesi pertama perdagangan selasa,"['indeks', 'harga', 'saham', 'gabungan', 'ihsg', 'hari', 'ini', 'menguat', 'poin', 'atau', 'di', 'level', 'pada', 'penutupan', 'sesi', 'pertama', 'perdagangan', 'selasa']",<FreqDist with 18 samples and 18 outcomes>,"['indeks', 'harga', 'saham', 'gabungan', 'ihsg', 'menguat', 'poin', 'level', 'penutupan', 'sesi', 'perdagangan', 'selasa']","['indeks', 'harga', 'saham', 'gabungan', 'ihsg', 'menguat', 'poin', 'level', 'penutupan', 'sesi', 'perdagangan', 'selasa']","['indeks', 'harga', 'saham', 'gabung', 'ihsg', 'kuat', 'poin', 'level', 'tutup', 'sesi', 'dagang', 'selasa']"
12,Tunggu Keputusan Mudik Dilarang atau Tidak? Ini Penjelasan Kemenhub,"Selasa, 22 Maret 2022 - 12:44 WIB",Sektor Riil,kementerian perhubungan menyatakan belum ada keputusan final terkait kebijakan mudik lebaran tahun ini aturan terkait angkutan mudik juga masih dibahas,"['kementerian', 'perhubungan', 'menyatakan', 'belum', 'ada', 'keputusan', 'final', 'terkait', 'kebijakan', 'mudik', 'lebaran', 'tahun', 'ini', 'aturan', 'terkait', 'angkutan', 'mudik', 'juga', 'masih', 'dibahas']",<FreqDist with 18 samples and 20 outcomes>,"['kementerian', 'perhubungan', 'keputusan', 'final', 'terkait', 'kebijakan', 'mudik', 'lebaran', 'aturan', 'terkait', 'angkutan', 'mudik', 'dibahas']","['kementerian', 'perhubungan', 'keputusan', 'final', 'terkait', 'kebijakan', 'mudik', 'lebaran', 'aturan', 'terkait', 'angkutan', 'mudik', 'dibahas']","['menteri', 'hubung', 'putus', 'final', 'kait', 'bijak', 'mudik', 'lebaran', 'atur', 'kait', 'angkut', 'mudik', 'bahas']"
13,"Bangun IKN Nusantara, 6 Peraturan Pelaksana Dikebut Siap Bulan Depan","Selasa, 22 Maret 2022 - 12:31 WIB",Sektor Riil,aturan untuk memulai pembangunan ibu kota negara ikn nusantara terus dikebut dimana ditargetkan ada pp dan perpres untuk segera dirampungkan pada april,"['aturan', 'untuk', 'memulai', 'pembangunan', 'ibu', 'kota', 'negara', 'ikn', 'nusantara', 'terus', 'dikebut', 'dimana', 'ditargetkan', 'ada', 'pp', 'dan', 'perpres', 'untuk', 'segera', 'dirampungkan', 'pada', 'april']",<FreqDist with 21 samples and 22 outcomes>,"['aturan', 'pembangunan', 'kota', 'negara', 'ikn', 'nusantara', 'dikebut', 'dimana', 'ditargetkan', 'pp', 'perpres', 'dirampungkan', 'april']","['aturan', 'pembangunan', 'kota', 'negara', 'ikn', 'nusantara', 'dikebut', 'dimana', 'ditargetkan', 'pp', 'perpres', 'dirampungkan', 'april']","['atur', 'bangun', 'kota', 'negara', 'ikn', 'nusantara', 'kebut', 'mana', 'target', 'pp', 'pres', 'rampung', 'april']"
14,OJK Dorong BUMN Masuk Pasar Modal Sebagai Alternatif Pendanaan,"Selasa, 22 Maret 2022 - 11:57 WIB",Advertorial Ekbis,otoritas jasa keuangan mendorong perusahaan bumn maupun anak perusahaan bumn untuk memanfaatkan pasar modal sebagai sumber alternatif pendanaan perusahaan dalam mengembangkan bisnis dan usahanya,"['otoritas', 'jasa', 'keuangan', 'mendorong', 'perusahaan', 'bumn', 'maupun', 'anak', 'perusahaan', 'bumn', 'untuk', 'memanfaatkan', 'pasar', 'modal', 'sebagai', 'sumber', 'alternatif', 'pendanaan', 'perusahaan', 'dalam', 'mengembangkan', 'bisnis', 'dan', 'usahanya']",<FreqDist with 21 samples and 24 outcomes>,"['otoritas', 'jasa', 'keuangan', 'mendorong', 'perusahaan', 'bumn', 'anak', 'perusahaan', 'bumn', 'memanfaatkan', 'pasar', 'modal', 'sumber', 'alternatif', 'pendanaan', 'perusahaan', 'mengembangkan', 'bisnis', 'usahanya']","['otoritas', 'jasa', 'keuangan', 'mendorong', 'perusahaan', 'bumn', 'anak', 'perusahaan', 'bumn', 'memanfaatkan', 'pasar', 'modal', 'sumber', 'alternatif', 'pendanaan', 'perusahaan', 'mengembangkan', 'bisnis', 'usahanya']","['otoritas', 'jasa', 'uang', 'dorong', 'usaha', 'bumn', 'anak', 'usaha', 'bumn', 'manfaat', 'pasar', 'modal', 'sumber', 'alternatif', 'dana', 'usaha', 'kembang', 'bisnis', 'usaha']"
15,"Pengusaha Ritel Senang HET Minyak Goreng Dicabut, Pasokan Melimpah","Selasa, 22 Maret 2022 - 11:50 WIB",Sektor Riil,pencabutan harga eceran tertinggi het minyak goreng kemasan disambut gembira oleh pengusaha ritel modern pasokan minyak goreng pun melimpah lagi,"['pencabutan', 'harga', 'eceran', 'tertinggi', 'het', 'minyak', 'goreng', 'kemasan', 'disambut', 'gembira', 'oleh', 'pengusaha', 'ritel', 'modern', 'pasokan', 'minyak', 'goreng', 'pun', 'melimpah', 'lagi']",<FreqDist with 18 samples and 20 outcomes>,"['pencabutan', 'harga', 'eceran', 'tertinggi', 'het', 'minyak', 'goreng', 'kemasan', 'disambut', 'gembira', 'pengusaha', 'ritel', 'modern', 'pasokan', 'minyak', 'goreng', 'melimpah']","['pencabutan', 'harga', 'eceran', 'tertinggi', 'het', 'minyak', 'goreng', 'kemasan', 'disambut', 'gembira', 'pengusaha', 'ritel', 'modern', 'pasokan', 'minyak', 'goreng', 'melimpah']","['cabut', 'harga', 'ecer', 'tinggi', 'het', 'minyak', 'goreng', 'kemas', 'sambut', 'gembira', 'usaha', 'ritel', 'modern', 'pasok', 'minyak', 'goreng', 'limpah']"
16,OJK Rayu BUMN Agar Makin Banyak Nyebur ke Pasar Modal Indonesia,"Selasa, 22 Maret 2022 - 11:01 WIB",Bursa Finansial,berdasarkan catatan otoritas jasa keuangan ojk hingga saat ini jumlah perusahaan badan usaha milik negara bumn yang telah melakukan penawaran umum pasar modal baru mencapai perusahaan,"['berdasarkan', 'catatan', 'otoritas', 'jasa', 'keuangan', 'ojk', 'hingga', 'saat', 'ini', 'jumlah', 'perusahaan', 'badan', 'usaha', 'milik', 'negara', 'bumn', 'yang', 'telah', 'melakukan', 'penawaran', 'umum', 'pasar', 'modal', 'baru', 'mencapai', 'perusahaan']",<FreqDist with 25 samples and 26 outcomes>,"['berdasarkan', 'catatan', 'otoritas', 'jasa', 'keuangan', 'ojk', 'perusahaan', 'badan', 'usaha', 'milik', 'negara', 'bumn', 'penawaran', 'pasar', 'modal', 'mencapai', 'perusahaan']","['berdasarkan', 'catatan', 'otoritas', 'jasa', 'keuangan', 'ojk', 'perusahaan', 'badan', 'usaha', 'milik', 'negara', 'bumn', 'penawaran', 'pasar', 'modal', 'mencapai', 'perusahaan']","['dasar', 'catat', 'otoritas', 'jasa', 'uang', 'ojk', 'usaha', 'badan', 'usaha', 'milik', 'negara', 'bumn', 'tawar', 'pasar', 'modal', 'capai', 'usaha']"
17,"Rachmat Gobel: Tak Ada Mafia Minyak Goreng, Hanya Pengusaha Cari Untung","Selasa, 22 Maret 2022 - 10:31 WIB",Sektor Riil,wakil ketua dpr ri rachmat gobel menyatakan tak ada mafia minyak goreng melainkan hanya pengusaha yang mencari celah untuk mendapatkan keuntungan,"['wakil', 'ketua', 'dpr', 'ri', 'rachmat', 'gobel', 'menyatakan', 'tak', 'ada', 'mafia', 'minyak', 'goreng', 'melainkan', 'hanya', 'pengusaha', 'yang', 'mencari', 'celah', 'untuk', 'mendapatkan', 'keuntungan']",<FreqDist with 21 samples and 21 outcomes>,"['wakil', 'ketua', 'dpr', 'ri', 'rachmat', 'gobel', 'mafia', 'minyak', 'goreng', 'pengusaha', 'mencari', 'celah', 'keuntungan']","['wakil', 'ketua', 'dpr', 'ri', 'rachmat', 'gobel', 'mafia', 'minyak', 'goreng', 'pengusaha', 'mencari', 'celah', 'keuntungan']","['wakil', 'ketua', 'dpr', 'ri', 'rachmat', 'gobel', 'mafia', 'minyak', 'goreng', 'usaha', 'cari', 'celah', 'untung']"
18,GoTo Perpanjang Masa Bookbuilding IPO hingga 24 Maret 2022,"Selasa, 22 Maret 2022 - 10:12 WIB",Bursa Finansial,pt goto gojek tokopedia tbk atau goto memperpanjang masa penawaran awal perdana saham bookbuilding period selama tiga hari,"['pt', 'goto', 'gojek', 'tokopedia', 'tbk', 'atau', 'goto', 'memperpanjang', 'masa', 'penawaran', 'awal', 'perdana', 'saham', 'bookbuilding', 'period', 'selama', 'tiga', 'hari']",<FreqDist with 17 samples and 18 outcomes>,"['pt', 'goto', 'gojek', 'tokopedia', 'tbk', 'goto', 'memperpanjang', 'penawaran', 'perdana', 'saham', 'bookbuilding', 'period']","['pt', 'goto', 'gojek', 'tokopedia', 'tbk', 'goto', 'memperpanjang', 'penawaran', 'perdana', 'saham', 'bookbuilding', 'period']","['pt', 'goto', 'gojek', 'tokopedia', 'tbk', 'goto', 'panjang', 'tawar', 'perdana', 'saham', 'bookbuilding', 'period']"
19,"Tampil Perkasa pada Awal Sesi, IHSG Hari Ini Bertengger di Level 6.974","Selasa, 22 Maret 2022 - 09:51 WIB",Kurs & Saham,ihsg hari ini dibuka menguat di pada perdagangan selasa pagi ihsg hari ini dibuka menguat di pada perdagangan selasa pagi,"['ihsg', 'hari', 'ini', 'dibuka', 'menguat', 'di', 'pada', 'perdagangan', 'selasa', 'pagi', 'ihsg', 'hari', 'ini', 'dibuka', 'menguat', 'di', 'pada', 'perdagangan', 'selasa', 'pagi']",<FreqDist with 10 samples and 20 outcomes>,"['ihsg', 'dibuka', 'menguat', 'perdagangan', 'selasa', 'pagi', 'ihsg', 'dibuka', 'menguat', 'perdagangan', 'selasa', 'pagi']","['ihsg', 'dibuka', 'menguat', 'perdagangan', 'selasa', 'pagi', 'ihsg', 'dibuka', 'menguat', 'perdagangan', 'selasa', 'pagi']","['ihsg', 'buka', 'kuat', 'dagang', 'selasa', 'pagi', 'ihsg', 'buka', 'kuat', 'dagang', 'selasa', 'pagi']"
20,"Harga Emas Antam Hari Ini Menguat, Termahal Dijual Rp929.600.000","Selasa, 22 Maret 2022 - 09:35 WIB",Sektor Riil,harga emas batangan pt aneka tambang antam terpantau menguat pada hari kedua pekan ini usai melemah pada perdagangan kemarin yuk intip rincian harganya,"['harga', 'emas', 'batangan', 'pt', 'aneka', 'tambang', 'antam', 'terpantau', 'menguat', 'pada', 'hari', 'kedua', 'pekan', 'ini', 'usai', 'melemah', 'pada', 'perdagangan', 'kemarin', 'yuk', 'intip', 'rincian', 'harganya']",<FreqDist with 22 samples and 23 outcomes>,"['harga', 'emas', 'batangan', 'pt', 'aneka', 'tambang', 'antam', 'terpantau', 'menguat', 'pekan', 'melemah', 'perdagangan', 'kemarin', 'yuk', 'intip', 'rincian', 'harganya']","['harga', 'emas', 'batangan', 'pt', 'aneka', 'tambang', 'antam', 'terpantau', 'menguat', 'pekan', 'melemah', 'perdagangan', 'kemarin', 'yuk', 'intip', 'rincian', 'harganya']","['harga', 'emas', 'batang', 'pt', 'aneka', 'tambang', 'antam', 'pantau', 'kuat', 'pekan', 'lemah', 'dagang', 'kemarin', 'yuk', 'intip', 'rincian', 'harga']"
21,"81 Perusahaan Wajib Kucurkan 14 Ribu Ton Minyak Goreng Curah, Begini Mekanismenya","Selasa, 22 Maret 2022 - 09:15 WIB",Sektor Riil,perusahaan industri minyak goreng wajib untuk menyediakan minyak goreng curah bagi masyarakat usaha mikro dan usaha kecil diketahui harga minyak goreng curah di masyarakat tak boleh lebih dari rp per liter,"['perusahaan', 'industri', 'minyak', 'goreng', 'wajib', 'untuk', 'menyediakan', 'minyak', 'goreng', 'curah', 'bagi', 'masyarakat', 'usaha', 'mikro', 'dan', 'usaha', 'kecil', 'diketahui', 'harga', 'minyak', 'goreng', 'curah', 'di', 'masyarakat', 'tak', 'boleh', 'lebih', 'dari', 'rp', 'per', 'liter']",<FreqDist with 24 samples and 31 outcomes>,"['perusahaan', 'industri', 'minyak', 'goreng', 'wajib', 'menyediakan', 'minyak', 'goreng', 'curah', 'masyarakat', 'usaha', 'mikro', 'usaha', 'harga', 'minyak', 'goreng', 'curah', 'masyarakat', 'rp', 'liter']","['perusahaan', 'industri', 'minyak', 'goreng', 'wajib', 'menyediakan', 'minyak', 'goreng', 'curah', 'masyarakat', 'usaha', 'mikro', 'usaha', 'harga', 'minyak', 'goreng', 'curah', 'masyarakat', 'rp', 'liter']","['usaha', 'industri', 'minyak', 'goreng', 'wajib', 'sedia', 'minyak', 'goreng', 'curah', 'masyarakat', 'usaha', 'mikro', 'usaha', 'harga', 'minyak', 'goreng', 'curah', 'masyarakat', 'rp', 'liter']"
22,NFT: Transformasi Pelindungan Hak Cipta dalam Bentuk Digital,"Selasa, 22 Maret 2022 - 09:01 WIB",Advertorial Ekbis,fenomena ghozali everyday yang sukses menjual koleksi swafoto dalam bentuk nonfungible token nft pada platform opensea membuat semakin banyak orang tertarik untuk mempelajari aset digital,"['fenomena', 'ghozali', 'everyday', 'yang', 'sukses', 'menjual', 'koleksi', 'swafoto', 'dalam', 'bentuk', 'nonfungible', 'token', 'nft', 'pada', 'platform', 'opensea', 'membuat', 'semakin', 'banyak', 'orang', 'tertarik', 'untuk', 'mempelajari', 'aset', 'digital']",<FreqDist with 25 samples and 25 outcomes>,"['fenomena', 'ghozali', 'everyday', 'sukses', 'menjual', 'koleksi', 'swafoto', 'bentuk', 'nonfungible', 'token', 'nft', 'platform', 'opensea', 'orang', 'tertarik', 'mempelajari', 'aset', 'digital']","['fenomena', 'ghozali', 'everyday', 'sukses', 'menjual', 'koleksi', 'swafoto', 'bentuk', 'nonfungible', 'token', 'nft', 'platform', 'opensea', 'orang', 'tertarik', 'mempelajari', 'aset', 'digital']","['fenomena', 'ghozali', 'everyday', 'sukses', 'jual', 'koleksi', 'swafoto', 'bentuk', 'nonfungible', 'token', 'nft', 'platform', 'opensea', 'orang', 'tarik', 'ajar', 'aset', 'digital']"
23,Penyaluran Solar Subsidi hingga Februari Melebihi Kuota 10%,"Selasa, 22 Maret 2022 - 08:19 WIB",Sektor Riil,masyarakat tidak perlu khawatir dan tidak perlu panic buying pembelian bahan bakar diimbau untuk tetap sesuai dengan kebutuhan dan tetap hemat dalam penggunaannya mengingat saat ini harga minyak sangatlah mahal,"['masyarakat', 'tidak', 'perlu', 'khawatir', 'dan', 'tidak', 'perlu', 'panic', 'buying', 'pembelian', 'bahan', 'bakar', 'diimbau', 'untuk', 'tetap', 'sesuai', 'dengan', 'kebutuhan', 'dan', 'tetap', 'hemat', 'dalam', 'penggunaannya', 'mengingat', 'saat', 'ini', 'harga', 'minyak', 'sangatlah', 'mahal']",<FreqDist with 26 samples and 30 outcomes>,"['masyarakat', 'khawatir', 'panic', 'buying', 'pembelian', 'bahan', 'bakar', 'diimbau', 'sesuai', 'kebutuhan', 'hemat', 'penggunaannya', 'harga', 'minyak', 'mahal']","['masyarakat', 'khawatir', 'panic', 'buying', 'pembelian', 'bahan', 'bakar', 'diimbau', 'sesuai', 'kebutuhan', 'hemat', 'penggunaannya', 'harga', 'minyak', 'mahal']","['masyarakat', 'khawatir', 'panic', 'buying', 'beli', 'bahan', 'bakar', 'imbau', 'sesuai', 'butuh', 'hemat', 'guna', 'harga', 'minyak', 'mahal']"
24,Luhut Ajak Singapura Garap Food Estate dan Ibu Kota Baru,"Selasa, 22 Maret 2022 - 07:59 WIB",Sektor Riil,menteri koordinator maritim dan investasi luhut binsar pandjaitan mengajak singapura untuk ikut serta dalam pengembangan food estate dan pembangunan ibu kota negara baru di kalimantan,"['menteri', 'koordinator', 'maritim', 'dan', 'investasi', 'luhut', 'binsar', 'pandjaitan', 'mengajak', 'singapura', 'untuk', 'ikut', 'serta', 'dalam', 'pengembangan', 'food', 'estate', 'dan', 'pembangunan', 'ibu', 'kota', 'negara', 'baru', 'di', 'kalimantan']",<FreqDist with 24 samples and 25 outcomes>,"['menteri', 'koordinator', 'maritim', 'investasi', 'luhut', 'binsar', 'pandjaitan', 'mengajak', 'singapura', 'pengembangan', 'food', 'estate', 'pembangunan', 'kota', 'negara', 'kalimantan']","['menteri', 'koordinator', 'maritim', 'investasi', 'luhut', 'binsar', 'pandjaitan', 'mengajak', 'singapura', 'pengembangan', 'food', 'estate', 'pembangunan', 'kota', 'negara', 'kalimantan']","['menteri', 'koordinator', 'maritim', 'investasi', 'luhut', 'binsar', 'pandjaitan', 'ajak', 'singapura', 'kembang', 'food', 'estate', 'bangun', 'kota', 'negara', 'kalimantan']"
25,"Minim Booster, IHSG Hari Ini Bakal Berada di Kisaran Level 6.823-7.032","Selasa, 22 Maret 2022 - 07:13 WIB",Kurs & Saham,indeks harga saham gabungan atau ihsg hari ini berpotensi bergerak terbatas pada sepanjang perdagangan setelah kemarin merangkak naik,"['indeks', 'harga', 'saham', 'gabungan', 'atau', 'ihsg', 'hari', 'ini', 'berpotensi', 'bergerak', 'terbatas', 'pada', 'sepanjang', 'perdagangan', 'setelah', 'kemarin', 'merangkak', 'naik']",<FreqDist with 18 samples and 18 outcomes>,"['indeks', 'harga', 'saham', 'gabungan', 'ihsg', 'berpotensi', 'bergerak', 'terbatas', 'perdagangan', 'kemarin', 'merangkak']","['indeks', 'harga', 'saham', 'gabungan', 'ihsg', 'berpotensi', 'bergerak', 'terbatas', 'perdagangan', 'kemarin', 'merangkak']","['indeks', 'harga', 'saham', 'gabung', 'ihsg', 'potensi', 'gerak', 'batas', 'dagang', 'kemarin', 'rangkak']"
26,Eropa Terpecah Soal Sanksi Embargo Minyak dan Gas Rusia,"Selasa, 22 Maret 2022 - 06:59 WIB",Sektor Riil,para pemimpin uni eropa ue menemui jalan buntu mengenai apakah mereka bakal menjatuhkan sanksi sektor energi kepada rusia ketika tekanan untuk memberikan respons atas invasi ke ukraina semakin berat,"['para', 'pemimpin', 'uni', 'eropa', 'ue', 'menemui', 'jalan', 'buntu', 'mengenai', 'apakah', 'mereka', 'bakal', 'menjatuhkan', 'sanksi', 'sektor', 'energi', 'kepada', 'rusia', 'ketika', 'tekanan', 'untuk', 'memberikan', 'respons', 'atas', 'invasi', 'ke', 'ukraina', 'semakin', 'berat']",<FreqDist with 29 samples and 29 outcomes>,"['pemimpin', 'uni', 'eropa', 'ue', 'menemui', 'jalan', 'buntu', 'menjatuhkan', 'sanksi', 'sektor', 'energi', 'rusia', 'tekanan', 'respons', 'invasi', 'ukraina', 'berat']","['pemimpin', 'uni', 'eropa', 'ue', 'menemui', 'jalan', 'buntu', 'menjatuhkan', 'sanksi', 'sektor', 'energi', 'rusia', 'tekanan', 'respons', 'invasi', 'ukraina', 'berat']","['pimpin', 'uni', 'eropa', 'ue', 'temu', 'jalan', 'buntu', 'jatuh', 'sanksi', 'sektor', 'energi', 'rusia', 'tekan', 'respons', 'invasi', 'ukraina', 'berat']"
27,"Investor Asing Jual Saham Setengah Triliun Lebih, Apa Saja yang Dilepas?","Senin, 21 Maret 2022 - 23:30 WIB",Bursa Finansial,investor asing terpantau melakukan aksi penjualan bersih saham secara akumulatif mencapai rp miliar sepanjang perdagangan awal pekan senin,"['investor', 'asing', 'terpantau', 'melakukan', 'aksi', 'penjualan', 'bersih', 'saham', 'secara', 'akumulatif', 'mencapai', 'rp', 'miliar', 'sepanjang', 'perdagangan', 'awal', 'pekan', 'senin']",<FreqDist with 18 samples and 18 outcomes>,"['investor', 'asing', 'terpantau', 'aksi', 'penjualan', 'bersih', 'saham', 'akumulatif', 'mencapai', 'rp', 'miliar', 'perdagangan', 'pekan', 'senin']","['investor', 'asing', 'terpantau', 'aksi', 'penjualan', 'bersih', 'saham', 'akumulatif', 'mencapai', 'rp', 'miliar', 'perdagangan', 'pekan', 'senin']","['investor', 'asing', 'pantau', 'aksi', 'jual', 'bersih', 'saham', 'akumulatif', 'capai', 'rp', 'miliar', 'dagang', 'pekan', 'senin']"
28,Ini Aturan Pungutan Pajak yang Bakal Berlaku Bulan Depan,"Senin, 21 Maret 2022 - 23:00 WIB",Makro,selain kenaikan ppn pemerintah juga akan menerapkan pajak karbon yang merupakan implementasi dari uu hpp yang bakal berlaku pula mulai april,"['selain', 'kenaikan', 'ppn', 'pemerintah', 'juga', 'akan', 'menerapkan', 'pajak', 'karbon', 'yang', 'merupakan', 'implementasi', 'dari', 'uu', 'hpp', 'yang', 'bakal', 'berlaku', 'pula', 'mulai', 'april']",<FreqDist with 20 samples and 21 outcomes>,"['kenaikan', 'ppn', 'pemerintah', 'menerapkan', 'pajak', 'karbon', 'implementasi', 'uu', 'hpp', 'berlaku', 'april']","['kenaikan', 'ppn', 'pemerintah', 'menerapkan', 'pajak', 'karbon', 'implementasi', 'uu', 'hpp', 'berlaku', 'april']","['naik', 'ppn', 'perintah', 'terap', 'pajak', 'karbon', 'implementasi', 'uu', 'hpp', 'laku', 'april']"
29,"Pesawat China Eastern Airlines Jatuh, Saham Boeing Langsung Menukik 6 Persen","Senin, 21 Maret 2022 - 21:58 WIB",Bursa Finansial,dow jones industrial average turun poin karena dipicu jatuhnya saham boeing sebesar menyusul insiden kecelakaan pesawat china eastern airlines,"['dow', 'jones', 'industrial', 'average', 'turun', 'poin', 'karena', 'dipicu', 'jatuhnya', 'saham', 'boeing', 'sebesar', 'menyusul', 'insiden', 'kecelakaan', 'pesawat', 'china', 'eastern', 'airlines']",<FreqDist with 19 samples and 19 outcomes>,"['dow', 'jones', 'industrial', 'average', 'turun', 'poin', 'dipicu', 'jatuhnya', 'saham', 'boeing', 'menyusul', 'insiden', 'kecelakaan', 'pesawat', 'china', 'eastern', 'airlines']","['dow', 'jones', 'industrial', 'average', 'turun', 'poin', 'dipicu', 'jatuhnya', 'saham', 'boeing', 'menyusul', 'insiden', 'kecelakaan', 'pesawat', 'china', 'eastern', 'airlines']","['dow', 'jones', 'industrial', 'average', 'turun', 'poin', 'picu', 'jatuh', 'saham', 'boeing', 'susul', 'insiden', 'celaka', 'pesawat', 'china', 'eastern', 'airlines']"
